# Names of Developers with write access to this module
#
# There are two types of developers:
# 1) Administrators - entitled to edit all files in the module ,
#    in particular the .admin directory.  (Including this file) 
# 2) Regular Developers - entitled to edit all files in the module
#    except those in the .admin directory.
#
# Entries must have the following format:
#
#      [logname] : [Firstname Familyname] : [emailaddress]
#
#      where [logname] is the login name of the user (in lower case)
#            [Firstname Familyname] is the fullname of the user in free format
#            [emailaddress] any email address of the user
#
#      IMPORTANT: The only entry that uniqely identifies the user
#                 is the [loginname]. The rest of the entries are
#                 used for information and clarity purposes.
#
# You can find the information required to add a user, using the "phonebook"
# command from any CERN machine. "phonebook user --all" will give you a list of his
# accounts and lognames too.
# A safe assumption is to look for his ZH account on AFS/LXPLUS
# Please remember to use lower case for the logname.
# In case of doubts, please contact cvsadmin.cern.ch
#
# Important
# ---------
# --- Put names of regular developers after the >Developers Tag
# --- Put names of administrators after the >Administrators Tag
#
# NB: This file was automatically generated by CreateCVSPackage.pl.
#
>Developers
newbold : Dave Newbold : Dave.Newbold@cern.ch
arose : Andrew William Rose : andrew.william.rose@cern.ch
atricomi : Alessia Tricomi : Alessia.Tricomi@cern.ch
bachtis : Michail Bachtis : Michail.Bachtis@cern.ch
grothe : Monika Grothe : Monika.Grothe@cern.ch
iross : Ian Ackerman Ross : Ian.Ackerman.Ross@cern.ch
brownson : Eric Charles Brownson : Eric.Charles.Brownson@cern.ch
cgtully : Christofer tully : cgtully@princeton.edu
eberry : Edmund Berry : eberry@princeton.edu
dbelknap : Donald Belknap : d.austin.belknap@cern.ch
cepeda : Maria Cepeda : maria.cepeda@cern.ch
rlucas : Robyn Lucas : rlucas@cern.ch
>Administrators
newbold : Dave Newbold : Dave.Newbold@cern.ch
arose : Andrew William Rose : andrew.william.rose@cern.ch
atricomi : Alessia Tricomi : Alessia.Tricomi@cern.ch
bachtis : Michail Bachtis : Michail.Bachtis@cern.ch
dasu : Sridhara Dasu : dasu@hep.wisc.edu 
grothe : Monika Grothe : Monika.Grothe@cern.ch
iross : Ian Ackerman Ross : Ian.Ackerman.Ross@cern.ch
brownson : Eric Charles Brownson : Eric.Charles.Brownson@cern.ch
cgtully : Christofer tully : cgtully@princenton.edu
dbelknap : Donald Belknap : d.austin.belknap@cern.ch
ojalvo : Isobel Ojalvo : ojalvo@cern.ch
friis : Evan Friis : evan.friis@cern.ch
cepeda : Maria Cepeda : maria.cepeda@cern.ch
sergo : Sergo Jindariani : sergo.jindariani@cern.ch
jad : Jad Marrouche : jad.marrouche@cern.ch
mbaber : Mark Baber : mark.baber@cern.ch
sives : Sarah Ives : sarah.j.ives@cern.ch


